date,momRet,scldfctVol,momRetScld
1927-07,0.08826313288409476,1.0338452073190896,0.09135195253714658
1927-08,0.05775032339380992,1.030879636002858,0.05962009534006611
1927-09,0.07467081946229141,1.0314233036211584,0.07708321223150014
1927-10,0.006359652092869388,1.0796638232142146,0.007065445850935182
1927-11,-0.06901900921684215,1.0106921935655908,-0.06973452021660619
1927-12,0.001743889466656282,0.9334671729067537,0.0014814913506963645
1928-01,-0.007909353070520476,0.9371270451422462,-0.00756925105910799
1928-02,0.003925759633170897,1.0031926342668218,0.003948828840979576
1928-03,0.05252995962118727,1.0503632642372513,0.055321593324249296
1928-04,-0.046639127304629505,1.0918272705968775,-0.050719851072720805
1928-05,0.011736222056229687,1.1560439408823286,0.014066929007777325
1928-06,0.04579708509177587,1.1146626077833606,0.051403752381403774
1928-07,0.029693759739414627,1.1070034580843902,0.03321350578092908
1928-08,0.01432865765248278,1.0070415652072509,0.014452086838338313
1928-09,0.039269777536600534,0.9579009013817441,0.037502887733100926
1928-10,0.10579089945495657,0.9418082741274222,0.09939615835798271
1928-11,0.16334936321171697,0.986382113976451,0.16107314223459102
1928-12,0.05253766278978167,0.9057792399034971,0.04753099181197678
1929-01,-0.07608510894850129,0.7697765627377636,-0.05935129332859719
1929-02,0.06810710397139784,0.7815194430462773,0.052440495958188345
1929-03,0.028387095602736154,0.7608629720815422,0.020785624034137952
1929-04,0.08513226437353816,0.7210438280843146,0.060379851578485404
1929-05,-0.03221516295500963,0.7060734266278461,-0.02403954741985558
1929-06,0.10667508259897242,0.8086932812155719,0.08527262763322614
1929-07,0.024621807952939594,0.8009918700363307,0.019065141167020374
1929-08,0.07705338658538713,0.8081113909974303,0.06150016497856965
1929-09,0.056727118997880646,0.8322181672730044,0.04662210259254938
1929-10,0.04984804137427406,0.8917207863603437,0.04395245027004819
1929-11,-0.0022961026808924947,0.6650661137639547,-0.0027663154658575367
1929-12,0.07450909025061969,0.5147368525616932,0.03655710095731738
1930-01,-0.1082948243770155,0.5013421740782893,-0.05499088365088987
1930-02,0.010229795087008099,0.4926937591005466,0.0035182374735479626
1930-03,-0.05701173310786563,0.49250800621444024,-0.02985495698203415
1930-04,0.0018099666245088727,0.503742896519386,-0.00013038208727577391
1930-05,-0.009647882092466548,0.7891785847489451,-0.008162037615210184
1930-06,0.09001588071489096,0.813548363861309,0.07272885305955984
1930-07,0.014872698257952338,0.7774516702028627,0.011117707441473976
1930-08,0.06125714614267544,0.7074279908003884,0.043071705009599
1930-09,0.09587369789051793,0.730363112017154,0.06942941119834886
1930-10,0.10802100044893771,0.7190962162993007,0.07742467929836554
1930-11,-0.030068460373222288,0.6931399319119996,-0.021240568664308356
1930-12,0.23088774366376413,0.5567813668744949,0.12793348742530286
1931-01,-0.17446792678914208,0.5419247215784304,-0.09523559556720415
1931-02,-0.18047369032889937,0.4693725563923602,-0.08492164836868173
1931-03,0.14012902756104348,0.45916431233303734,0.06363916218399672
1931-04,0.21615944919354474,0.468558134640772,0.10085811480681667
1931-05,0.09210019310524088,0.5456311657635216,0.0498438037802452
1931-06,-0.29008132206388704,0.5582197274434749,-0.16228254075699108
1931-07,0.1350906636443475,0.5558006838086876,0.07481696363998296
1931-08,-0.09066713435702776,0.5437353908579733,-0.04943580912033348
1931-09,0.16688768064182966,0.5310535380480449,0.08848560932289026
1931-10,0.09605969619251069,0.5033060062397169,0.04785072805749281
1931-11,0.09698736037455219,0.48889202069157756,0.04654746303023274
1931-12,0.21341324003338868,0.5294014894478409,0.11241656892890298
1932-01,-0.17529798332577118,0.5109044848492826,-0.09068544555101792
1932-02,-0.06598308436452568,0.4518788127133554,-0.031077036552566314
1932-03,0.15678103948264976,0.4256445842634107,0.06581403170579929
1932-04,0.13354664975242542,0.42230571583873827,0.055762049808985886
1932-05,0.23197488995633725,0.39486948914946773,0.09123672798605256
1932-06,-0.04769242156497657,0.3918283752903036,-0.018808878380406947
1932-07,-0.6118607361808754,0.3443011566277426,-0.21086106881518915
1932-08,-0.7688308719893138,0.32987594840106976,-0.25381985027297604
1932-09,0.01677294919997232,0.26397335478307365,0.004206803676357687
1932-10,0.19897887454119034,0.2429062154795865,0.04818178661828391
1932-11,-0.07681109531356062,0.19556118325965732,-0.015182156450338302
1932-12,0.08511112309410368,0.2000675030762835,0.01694797663176316
1933-01,-0.016238232914634353,0.20782990742277546,-0.0034540074526156453
1933-02,0.09710281471847582,0.2403702229619347,0.02356851415722289
1933-03,0.13047076382652548,0.26670927559284413,0.034504446616454805
1933-04,-0.41737794940483114,0.4079955689661531,-0.1708803583723842
1933-05,-0.28494235785238,0.41053405383227753,-0.11721432765613213
1933-06,-0.056624180832035347,0.40768240055926747,-0.023203145491194375
1933-07,-0.06971242201722797,0.36992671413438716,-0.025914501868355967
1933-08,0.12030259201788446,0.32960187416427783,0.039450840358164485
1933-09,0.13032982206289828,0.3489849057676351,0.045352937652486734
1933-10,0.00204346403252369,0.41715299091931607,0.0007941524320952354
1933-11,0.08582760247332988,0.42557611692182196,0.03641129300869386
1933-12,0.015541598582704987,0.4666530865753083,0.007145865566248781
1934-01,-0.0927976746081047,0.556717083141369,-0.05188369218855525
1934-02,0.020405385664822872,0.5769570433616465,0.011688422390502658
1934-03,0.01275142466812653,0.5514770662690964,0.0069424136799836255
1934-04,-0.07482034170876008,0.5705960574064134,-0.04273513238707849
1934-05,-0.029497463619085926,0.6291899276354166,-0.018596588007157466
1934-06,0.008867627384828523,0.6973332262410327,0.006153424535989908
1934-07,0.18588682797298875,0.7555847491209584,0.14042881075377356
1934-08,0.05383726317896972,0.7427188033367897,0.03996021956354588
1934-09,-0.023025540405857272,0.7268632761660242,-0.01676373340727798
1934-10,0.09475157925772325,0.6467667479183571,0.06124684745143796
1934-11,-0.0018773625684876227,0.6172337868618518,-0.0011970482287741227
1934-12,0.03707504967840909,0.6266798636711921,0.023196855064435206
1935-01,0.05740524621555516,0.7027414827927623,0.04031132199388211
1935-02,0.2604766693042231,0.7685597062195475,0.2001455843787438
1935-03,-0.023381020308460402,0.5896349644942208,-0.013827303582968282
1935-04,-0.026331228395414973,0.48452795507512264,-0.012809763453538908
1935-05,-0.03919651678822344,0.4095102455489137,-0.016110424190052604
1935-06,0.0669702226081794,0.40145415761344105,0.026825619718112634
1935-07,-0.055082544009090545,0.3909026247189495,-0.021592820766878643
1935-08,-0.15885630676695506,0.43267845055775195,-0.06879043282819727
1935-09,0.21949751717904611,0.4548575275832369,0.0997855837274783
1935-10,0.04233506236794973,0.539425168724868,0.022790540677681582
1935-11,-0.1600835329209329,0.5571996125729214,-0.08928704260033374
1935-12,0.0860900816375387,0.5611614373928232,0.048266550100725995
1936-01,0.012395496284308059,0.6110904712817437,0.007535878713277088
1936-02,-0.010947102634285801,0.8374797017731024,-0.009184228279263906
1936-03,0.06949900680228384,0.8661954857854425,0.06017296505586712
1936-04,-0.09665900814332923,0.8748825841308273,-0.08459030630713239
1936-05,0.03615695266384145,0.8209252047352819,0.029646338809114995
1936-06,-0.04141744691164421,0.7829683224025782,-0.032493658429887134
1936-07,0.08610510029970542,0.7869352086738745,0.06773782859310096
1936-08,-0.012056100158069552,0.7769937927344368,-0.009412116228857818
1936-09,0.006096241680532146,0.855516357838588,0.005200986114816513
1936-10,-0.0025253344981731956,1.0947743652113606,-0.002745716599141638
1936-11,0.009563692573306876,1.2194265396927335,0.011684163195321971
1936-12,0.05123867827088592,1.2636641759195872,0.06474848215238792
1937-01,0.028325629731380215,1.2893428049175994,0.03655038116940687
1937-02,0.03578264466064265,1.3238387492016814,0.047435219300513726
1937-03,0.05990883340771158,1.3074862694952185,0.07836072572900886
1937-04,-0.03890490235653662,1.2825423485731897,-0.04981242213479114
1937-05,0.0016492128935598933,1.1523065742430545,0.0019917828041213087
1937-06,-0.019330128238671654,1.0648679668020704,-0.02056457396549695
1937-07,-0.031560107866081565,0.5224942699508188,-0.016633227238072135
1937-08,0.006349652275263607,0.5097972998300264,0.0031389950447549757
1937-09,-0.043285997831180686,0.512531932140079,-0.022380443330170276
1937-10,-0.05686857991478369,0.5208830448364444,-0.029717702452569907
1937-11,-0.08312459465391278,0.47728151488195814,-0.03977837615739181
1937-12,0.15753169028322514,0.5221830102984205,0.08226037224949294
1938-01,-0.07857278492590286,0.4983760729867753,-0.03915879599500596
1938-02,-0.07461991463417077,0.46460947128654595,-0.03466911908562927
1938-03,0.25032535541437495,0.45364951707553874,0.11361461164378625
1938-04,-0.10973131760553438,0.522804847939844,-0.05741578433020615
1938-05,0.08898011633301081,0.46924802117991143,0.04175374351362364
1938-06,-0.33536451662850275,0.42357030058367307,-0.14205044911343315
1938-07,-0.175116655887821,0.37664085557578625,-0.06589375118471702
1938-08,0.06844745584991374,0.3549560668873938,0.024295839716933915
1938-09,0.043551993931938766,0.37371440962964547,0.01615075058239433
1938-10,-0.14957835939236727,0.350878915372454,-0.05254880461524771
1938-11,0.11305013424737882,0.3771133808903204,0.04300645030759944
1938-12,0.07375472505772729,0.43585893362412137,0.03214665581340128
1939-01,-0.05417017090675442,0.4862485789747436,-0.02628879348412581
1939-02,0.05367110453522084,0.5223001203932474,0.027984654372423735
1939-03,-0.026100796048147624,0.6787579799558445,-0.017683999398875754
1939-04,0.016450465043852926,0.803235453152367,0.013213596744066377
1939-05,0.05508172301871591,0.7328963265101471,0.040342482090917314
1939-06,0.062130412918096685,0.7471443106021596,0.046395098958179073
1939-07,0.03201980099209088,0.8486580217433985,0.02717386096656516
1939-08,0.10970362545767333,0.8887003118175785,0.09750477612057137
1939-09,-0.4520428405413916,0.8679597279566461,-0.39236818492826014
1939-10,0.11705906943263641,0.5102689815336754,0.059731612138671175
1939-11,-0.007614617667887111,0.5060707219882699,-0.003853535060852266
1939-12,0.07980511280331291,0.5079443964434902,0.04053655985598343
1940-01,0.015366897989973448,0.5115567867638153,0.00786104095827815
1940-02,0.0651598484330957,0.5308906342330886,0.034592753261178104
1940-03,0.015407853787402274,1.308695785874316,0.020164193320940976
1940-04,0.07756067045832038,1.3407499195172952,0.10398946267470051
1940-05,-0.023146461712644485,1.2504594206371922,-0.02899380298712181
1940-06,-0.02942470112712016,0.804049372746848,-0.023658912484524435
1940-07,0.029881064749620892,0.739417606615174,0.02206852714093924
1940-08,-0.04398159649180546,0.7346551968772469,-0.0322847739493507
1940-09,-0.01217510220911358,0.7611807414099829,-0.009267453326275396
1940-10,-0.021482588567875112,0.7841550899010613,-0.016845681169749622
1940-11,0.007452005958881386,1.0323732250165853,0.007693251424613188
1940-12,0.06098703301110339,0.8962822214698579,0.05466159342804731
1941-01,-0.05978278917966372,0.8731658304559736,-0.05218760534408106
1941-02,-0.001175445333865633,0.8552637187817875,-0.0009908421193448
1941-03,0.02525785126738626,0.8626707009203801,0.021775475326670856
1941-04,0.06871883717683333,0.8860471513111127,0.06089952520681424
1941-05,-0.002579478480782226,1.2589905788312132,-0.0032475391056026735
1941-06,-0.0121366790072443,1.23140372016233,-0.014945151679936685
1941-07,-0.013150182688849757,1.2119595293766467,-0.015873901363982285
1941-08,0.016358481355325367,1.1035441193827535,0.01806266031364
1941-09,-0.024606063819781015,1.1684942664884472,-0.028735195067614093
1941-10,0.10866853932682392,1.1954314763264897,0.12990579239770833
1941-11,0.08994783012989749,1.1221052461673082,0.10093093207012384
1941-12,0.021617636039126618,1.1688348362311816,0.025284329563120968
1942-01,-0.10369937940521126,0.9592498223198112,-0.09948176130465962
1942-02,-0.021119711915070123,0.8258956758539876,-0.017460089178352955
1942-03,0.059200367876455745,0.8166184873490636,0.048325776714514296
1942-04,-0.029221782111099156,0.8478587945492887,-0.02479115907584357
1942-05,-0.08167018074246504,0.824172844239906,-0.06736309329883264
1942-06,-0.011052845848075005,0.8617000768333859,-0.009551898101147125
1942-07,0.053940527561425373,1.1539226827097167,0.06228937507527029
1942-08,-0.006172332034031405,1.179965816639608,-0.007229151064114798
1942-09,-0.0003077551042761553,1.124359793482826,-0.00030871952744237574
1942-10,-0.061087622006562765,1.218516646025592,-0.07437072928730833
1942-11,-0.005123155470608268,1.1280189010151975,-0.005740610533380977
1942-12,0.03403687401324929,1.1382523691660629,0.038784028195337626
1943-01,-0.019498913667464986,1.1319732501426525,-0.02203265670336853
1943-02,-0.045231295857116556,1.2225694679011054,-0.05523163046814213
1943-03,0.03364800183932904,1.3580492528802701,0.04580305853467884
1943-04,0.15519502138401728,1.5534850210947388,0.24125918657487694
1943-05,0.12404619065615739,1.1895644788397455,0.1476178114835995
1943-06,-0.057705808480888625,0.9836386530439135,-0.056766572131038154
1943-07,-0.11717942656386221,0.8607382726478955,-0.10090259572865531
1943-08,-0.012358869418227596,0.7764070269713499,-0.00966259095364182
1943-09,0.04961624110209979,0.7182775450821297,0.03555371511854394
1943-10,0.0031588843671107166,0.7619773192692342,0.0023355914377132855
1943-11,-0.06547846140311127,0.7990336329330056,-0.05237978280391169
1943-12,0.11716634542504215,0.7737527283011463,0.09058990525619123
1944-01,0.023159412931811847,0.794382500266568,0.018335747099558552
1944-02,-0.008677758154453933,0.8578324880975902,-0.007486713122315092
1944-03,0.06596947969687181,0.9783004816253803,0.06453363385635051
1944-04,0.015119708887869688,1.0214348143331744,0.015450227484952775
1944-05,0.023822769270802825,1.3165401090785382,0.03145859328705916
1944-06,-0.12274852510072265,1.7082868254024344,-0.2094772022195238
1944-07,-0.00019208872944421514,1.6707775049070093,-0.00011970427662946057
1944-08,0.07525149956663325,1.7737205057372805,0.13370724402053866
1944-09,-0.017814672259802763,1.717120145479983,-0.03044650859333474
1944-10,-0.04506798442733385,1.4755076595974463,-0.06635550392727028
1944-11,0.018400411212769155,1.4139581794208598,0.026141599392828507
1944-12,0.058853390745050256,1.4496005304629722,0.08540382654966201
1945-01,-0.0009247010072392283,1.3779658137685977,-0.0011608166318024659
1945-02,0.050279200747931234,1.3502154768790104,0.06795779811033927
1945-03,-0.03510873603285435,1.5492761236823127,-0.054283271243629666
1945-04,0.09769291849102107,1.3406677059557102,0.1310759412332621
1945-05,-0.007099117496474705,1.2264474936162446,-0.008638760612353759
1945-06,0.07577683974708185,1.1825141029966244,0.08964368450203877
1945-07,-0.05847015754103617,1.1250146082557213,-0.06574227699820238
1945-08,-0.04820027031611789,0.964572260338414,-0.04650327200963887
1945-09,0.015830068438753307,0.8633215689553827,0.013625435991902206
1945-10,0.03866453150427364,0.8973454975770322,0.03466464691055837
1945-11,0.04336910025175489,0.9027573347391571,0.03913232482025738
1945-12,0.05347971647963671,0.8906859998570582,0.04760084054469433
1946-01,0.062409476824689995,0.8697754933598459,0.05424316614353256
1946-02,-0.021662615641267556,1.0686047888952022,-0.02312819337758606
1946-03,0.002212673314943717,1.0190421864365817,0.002260520108661099
1946-04,0.001105889786335185,0.9826249838153313,0.0010814624285437507
1946-05,-0.019033949181478587,1.0435969654319985,-0.019850692516348325
1946-06,4.715472192644456e-05,1.1489079432592186,9.884881756123736e-05
1946-07,0.01255624279864742,1.186177880945802,0.014949790839824322
1946-08,0.011390852745857433,1.270973713406757,0.014558766527294003
1946-09,0.0018932965639668845,1.5160617193149422,0.0030251729597351898
1946-10,0.012348944671117098,1.3482143752135478,0.016753489036880873
1946-11,0.04182071319520178,1.3709142605840827,0.05744388638527426
1946-12,0.04661595276155903,1.231683364062524,0.057485598525555494
1947-01,-0.08882704093409755,1.1338334742291032,-0.10067492238552986
1947-02,-0.024806511979388966,1.0622915231966517,-0.026333059938822095
1947-03,0.06804952762172235,1.0699837339749365,0.07283288278011354
1947-04,0.0717731826676819,1.046677025338498,0.07513734444128749
1947-05,0.06465062101206438,1.0715399852603247,0.0692971874819164
1947-06,-0.022488098497213185,1.0851831879064664,-0.02437815146078848
1947-07,-0.052550939668525816,0.978230987977427,-0.05141348833469094
1947-08,0.030367788715235506,0.9356980064970112,0.0283957887645174
1947-09,-0.0390732177349071,0.9635053810355871,-0.03766915231333678
1947-10,0.04520607993327097,0.9555855359212091,0.043171627441484485
1947-11,0.05322247210191492,0.9968170944141764,0.0530511602548189
1947-12,0.05669381653846624,1.0951729983265461,0.06216567544366843
1948-01,-0.046274216818741574,1.4668751880164885,-0.06755168786469577
1948-02,0.04350592662199749,1.497787914679711,0.06551110265164593
1948-03,-0.01954527773218447,1.5930152356550888,-0.03060221150039042
1948-04,0.06713985286547727,1.547131175030937,0.10431186439519481
1948-05,0.002785582971712867,1.5493600585952965,0.004755359043151344
1948-06,0.08565682999918983,1.434356932048128,0.1232533891254493
1948-07,-0.02854579128180679,1.4700079023059704,-0.04158653243998809
1948-08,-0.014422976179769974,1.2760620288291387,-0.01815615641976539
1948-09,0.003622341169987495,1.2801414428473923,0.004749165628972259
1948-10,0.0306469651315552,1.2243101781620533,0.03761111541160541
1948-11,0.0404051477937858,1.2769481318493554,0.051706057245111625
1948-12,0.06041109966426934,1.301052370045823,0.07871842534329036
1949-01,-0.07755618800998376,1.4377344799798433,-0.11106747115777311
1949-02,0.01011150130581715,1.4502946842068896,0.015069921808963835
1949-03,-0.022764468590217454,1.5423422909028375,-0.03456826034571884
1949-04,0.04214859725418727,1.6119318939689045,0.06849140690464667
1949-05,0.04459206799467963,1.7959210265320793,0.0808797535547254
1949-06,-0.0191920845970263,1.7806286554765265,-0.03339334713631817
1949-07,-0.02377542655828681,1.7318194627646015,-0.040516108932683356
1949-08,0.0003951927240647844,1.695728496635825,0.001296295210832036
1949-09,-0.014480338360187162,1.5053325242814999,-0.021342925024337427
1949-10,0.011198278560615267,1.4290718432307028,0.01638930924253695
1949-11,0.04467127292022598,1.3251496204874298,0.059456240053317795
1949-12,-0.044470063685997735,1.3015848524185483,-0.05761013491260611
1950-01,-0.030261866188104915,1.3532777707010148,-0.04063476081866012
1950-02,0.02360649400448497,1.3427692035569192,0.0320065654363747
1950-03,0.04369648738085651,1.4560627752843092,0.06408089146123004
1950-04,-0.020752294887426862,1.6419248978356484,-0.03349597725484151
1950-05,0.0035154318563393157,1.827121792960648,0.007250243949346318
1950-06,-0.0133964912947152,1.9581075368734058,-0.025273663034967395
1950-07,-0.026782177155008195,1.386583242194413,-0.036749134790421994
1950-08,0.04472081871633168,1.1863217054004955,0.05323959963186549
1950-09,-0.025179512018476964,1.1432363143043505,-0.02864289620168135
1950-10,0.02535829544020492,1.1132713442132445,0.028366589264729413
1950-11,0.029234648989037222,1.0827054526633857,0.03174348986506047
1950-12,0.07691413313142284,1.0476293660206597,0.08062989683312385
1951-01,0.0036563308639742274,1.1924405052050475,0.004610129679400797
1951-02,-0.028353747462236848,1.2853912864804045,-0.036160268640544724
1951-03,-0.04630054585405551,1.2634061626921567,-0.05820664818906315
1951-04,0.07102456824626058,1.1999736668668177,0.08548757736302472
1951-05,-0.025512735774265577,1.2193257320897153,-0.030845144347060184
1951-06,-0.020940016057260362,1.4602352754128372,-0.03002506778402741
1951-07,0.08216611356389025,1.3398002524196289,0.11052792002138556
1951-08,-0.021587325571422854,1.3316523611825613,-0.0283156649992646
1951-09,-0.011851298262678283,1.4513897548103645,-0.016659185173880695
1951-10,0.027735543275943738,1.606910649134921,0.045539596888272325
1951-11,0.005390868416030778,1.4900928742479265,0.008571996774408387
1951-12,0.03203689565800946,1.48003069771728,0.04799162587068018
1952-01,0.02386335809990528,1.712666070828973,0.04193896285999298
1952-02,-0.006596671828176567,1.645371833859914,-0.010079531822667014
1952-03,0.041762499855933756,1.6126868746429777,0.06802379093205088
1952-04,-0.016296520576327286,1.71126107913219,-0.027034088092587144
1952-05,0.011348283286037021,2.0858366374088755,0.02508225267834234
1952-06,0.02190698172258956,2.1209485473548395,0.04814500388248761
1952-07,-0.02663029561093714,2.4776507453253878,-0.06376409565068572
1952-08,0.009122706074581403,2.5958076150639684,0.02607450132098468
1952-09,0.030396344495290637,2.7181944317205877,0.08537228544251269
1952-10,0.014214927637904337,2.784581399759686,0.04208103705910187
1952-11,-0.016337887828160674,3.224373924459198,-0.0504550855694014
1952-12,0.040601903869263156,2.8076043014319807,0.11688624683196218
1953-01,0.0030906416334370206,2.477859006976051,0.010022748619908777
1953-02,-0.010609968563063154,2.179026098999458,-0.02146876186987915
1953-03,-0.02431074488151914,2.0806854955314305,-0.04863778036858527
1953-04,0.03789451685721521,2.01388595424015,0.07793745276824654
1953-05,0.02876508499918164,1.9591211914735172,0.05798479362193871
1953-06,0.005413575765684173,1.9776817700741514,0.012466157288842275
1953-07,0.0026648852186654643,2.160711722559659,0.0074991163150859175
1953-08,0.009291381625261289,2.5262590787429784,0.026067077618745084
1953-09,0.03718009319491795,2.617869008014848,0.0999212041029032
1953-10,0.014385950748540079,2.8374230906266598,0.04320767885234015
1953-11,0.026771975054387716,2.787748954218079,0.07606374462359632
1953-12,0.061161844668960914,2.6967139190709006,0.16714172592963145
1954-01,-0.02591421787066942,2.472253467459608,-0.06244703617306064
1954-02,0.02553851252420751,1.9502522186599778,0.05047171726467331
1954-03,0.0363589558004247,1.8587295931711074,0.06826845079758657
1954-04,0.14562928772993755,1.758688730437673,0.2567994070097004
1954-05,-0.08739963611507946,1.5346439287258424,-0.13385999897249165
1954-06,0.06160025927668729,1.4278321764982524,0.08821153158178803
1954-07,-0.033095686121482906,1.300579339196154,-0.042893275916523484
1954-08,-0.03511317406250317,1.3911406534246507,-0.04865179358241183
1954-09,0.01970803502030354,1.406269657785611,0.028080454355636147
1954-10,0.022849225753406133,1.3944489011088792,0.0321381919738021
1954-11,0.0165892866524421,1.5846307911094748,0.02663867290666686
1954-12,-0.046533451498981894,1.708071412146908,-0.07891600108421812
1955-01,0.047022594284727284,1.928485291895358,0.09142516969837558
1955-02,0.013593394640924171,1.8339954733989645,0.025680820165639738
1955-03,0.016838582477908173,1.8455937661275352,0.0319227766177792
1955-04,0.0037948605377508106,1.649572353539939,0.006909469382153382
1955-05,0.02520302258470536,1.577878673823522,0.0405763419956521
1955-06,0.02520079077398362,1.4298897802748045,0.03646424296283757
1955-07,-0.009503014897403406,1.4485223553210202,-0.013316807166516502
1955-08,0.03529938185370949,1.4536421864397608,0.052038498116101894
1955-09,0.07663021317616513,1.4404845072027104,0.1110894100754312
1955-10,-0.030471867038741964,1.404219960537719,-0.04206160800168497
1955-11,0.02439610090959523,1.3505372775868492,0.03354375707807644
1955-12,-0.03360636311605303,1.4328264955841676,-0.04737299980085179
1956-01,-0.035900179913854836,1.4298625759720964,-0.050386626062347575
1956-02,0.014906222109772651,1.4441889582079985,0.022371360400124798
1956-03,0.05503094976771636,1.4261837408081408,0.07912352141115882
1956-04,0.032530705772035026,1.527208160296033,0.05068285481980362
1956-05,0.004662831649010182,1.6394735101281195,0.009115378044033885
1956-06,0.018794626259175197,1.6068863733789818,0.03141460157537738
1956-07,0.05291286226902935,1.4943943462896319,0.08016034978267664
1956-08,-0.03733086388656408,1.4545600402895118,-0.05352723081039076
1956-09,-0.046090312914105154,1.4756442150675362,-0.06715674403523025
1956-10,0.013600457690371654,1.6169913012497172,0.02353430003147008
1956-11,0.046177890292662595,1.603772819141354,0.07526639093494637
1956-12,0.055112121168033844,1.5960438909238943,0.0893918696443152
1957-01,-0.050204639024883986,1.7144406332422655,-0.08414388341176733
1957-02,0.027618714101245265,1.7805179859707014,0.05104886037297951
1957-03,-0.0006901421258120564,1.7550335459769544,0.0005253545734549884
1957-04,0.02976537547343378,1.8266019802532791,0.05643599873338972
1957-05,0.021946913709598316,1.8381823252847402,0.0425217029212733
1957-06,0.021406029949784203,1.8107791568241194,0.04070746283979997
1957-07,0.00906066488762702,1.9217612017855925,0.0201777178487794
1957-08,0.017478196856639653,2.028614790095238,0.038028065622813384
1957-09,0.016996573316875492,2.230403170821832,0.0411082592632016
1957-10,0.040050375138364014,2.1295550160767514,0.08856518681828128
1957-11,0.010869733293683428,2.0325483436832887,0.024984393764668558
1957-12,0.08927557793092844,1.809732587546151,0.16350828086372793
1958-01,-0.12141072110553695,1.6359038277997553,-0.19683573267463714
1958-02,0.04910034031896304,1.308842052863084,0.06463520068278333
1958-03,0.0002451232820473209,1.313487419264321,0.0006041050244758248
1958-04,0.009898232708121417,1.2321228110980118,0.012381536558111257
1958-05,-0.021394044598915047,1.2416578339196362,-0.02629825945815735
1958-06,-0.011153248945873008,1.340150864397751,-0.014844990956335692
1958-07,-0.10672969712197487,1.4229707407048846,-0.15157715665037116
1958-08,-0.0038577588945387644,1.5439399113737868,-0.005738571961186103
1958-09,-0.019249778054629123,1.456932530366459,-0.02717745604242727
1958-10,0.01894732883570301,1.5776576905902622,0.03093218289685196
1958-11,0.06555360133714362,1.591303336995333,0.10496609823055325
1958-12,-0.0038846026742861968,1.54369743484764,-0.004800516827033077
1959-01,-0.0012815476938305543,1.5074909976189337,-0.0008661905164691053
1959-02,0.03556814066931975,1.7530666104409092,0.06378414636268755
1959-03,0.035682254002463526,1.836181774104782,0.06735870436133146
1959-04,0.07480495777082816,1.8566690344077112,0.14060138678208856
1959-05,-0.00650247709489009,1.7098187854343707,-0.009556456160744175
1959-06,0.06842363398950173,1.6166479831358418,0.11215854984579261
1959-07,-0.048593462650778976,1.5310038535215609,-0.07306926894049476
1959-08,0.005670061345573694,1.343070305456819,0.008267124603726519
1959-09,0.009702307922347204,1.296035306359309,0.013492243070245468
1959-10,0.07798601729707309,1.1590891031606965,0.0908700101574211
1959-11,0.061809462362695015,1.1051317622676315,0.06858094264759582
1959-12,-0.010460610219508403,1.1260751788496381,-0.011350777915720507
1960-01,-0.027358238786147234,1.1703419014782783,-0.03145636492719802
1960-02,0.0831834993794771,1.2963435998205193,0.10869379347073878
1960-03,0.032700322586779115,1.3128144822159518,0.04402430775281285
1960-04,0.04911483029447239,1.5320931303185932,0.07625947103853
1960-05,0.06931391612394396,1.7159856798272106,0.12087484881696568
1960-06,0.043462606085739944,1.6145605924803406,0.07164795645448475
1960-07,-0.008171515248292356,1.5086347842867531,-0.011666606924330674
1960-08,-0.017388586650617786,1.4874969224703458,-0.025036724360703307
1960-09,-0.01410012749564887,1.5142613940437948,-0.020528460487286425
1960-10,0.01253333105955902,1.493866532606991,0.01980963018369432
1960-11,0.07659354144328323,1.5148396626727911,0.11669622604433225
1960-12,0.0025054434516961254,1.5736368182806302,0.004860476970958138
1961-01,-0.046108241947340534,1.5361700768625088,-0.06981137843020249
1961-02,-0.02961685049453438,1.393229156553063,-0.040712538815084014
1961-03,-0.004471424237465894,1.3766882400821743,-0.005402380683973351
1961-04,0.06713760656070172,1.411687578069376,0.0954771940857696
1961-05,-0.06361029791142485,1.3349614133415744,-0.08431436265889948
1961-06,0.021233861696291115,1.3195701966486744,0.02865871144748297
1961-07,0.0014725067491707234,1.4347912873953572,0.002895364171652658
1961-08,0.03994259311785665,1.5870699038247005,0.06421358528342049
1961-09,-0.019160177671471167,1.6538114130943122,-0.030575841107733488
1961-10,0.02288389121138571,1.646318040420868,0.03890216721313249
1961-11,0.034974727999250596,1.7987030630523617,0.06410720497625379
1961-12,-0.07729150893940313,2.1039529178237713,-0.16052018521219416
1962-01,-0.02435264137970209,2.120435676923838,-0.04894916398423486
1962-02,0.023328214598508763,2.050785093113407,0.04994272493379915
1962-03,-0.015759370067886812,1.9943624816667052,-0.029441171434761326
1962-04,0.04026812820382058,2.022060854616988,0.08367313960980126
1962-05,0.0016387847132518503,2.0014765780482993,0.005683533007353095
1962-06,0.08067457879987609,1.7235021631804348,0.14048981540161776
1962-07,-0.03040970950823227,1.371873547224818,-0.04071421747562787
1962-08,-0.03135180398342105,1.2474688228633122,-0.03854121971725395
1962-09,0.057487214356938425,1.1758859100586692,0.06796776578196953
1962-10,0.008642653413709464,1.146867360902762,0.010279145514035125
1962-11,-0.09649464036333721,1.128534095530516,-0.10864042349492016
1962-12,0.061430871422468836,1.0616614340098094,0.06536060834507304
1963-01,-0.020209545163870746,1.165478253630318,-0.023140089770175322
1963-02,0.019603348884565563,1.220299365505929,0.024428642746290356
1963-03,0.03161132994960576,1.2845736442487452,0.04126160069468669
1963-04,0.011797060534976133,1.3392790914420654,0.016647754243575046
1963-05,-0.001307869472701236,1.390329215421439,-0.000881579020842907
1963-06,-0.0017014272914410086,1.6513840190628157,-0.0013115265948385373
1963-07,0.028932298181913285,1.7852997587889619,0.05377313431411031
1963-08,0.05124259789951635,2.046878247396515,0.10750455459909765
1963-09,0.020125969238036813,1.9627454239479523,0.042101566669133485
1963-10,-0.0008725514797568515,2.0202436180576555,0.001195939933961658
1963-11,0.002663016402356412,2.0072592206998,0.008064964124394176
1963-12,0.05131836331651847,1.8190465510656055,0.09572572679533486
1964-01,0.012946352063669637,1.511400618580793,0.021101326373137396
1964-02,0.032613988604026034,1.4198573830622776,0.04739884170649727
1964-03,0.03519375260724058,1.435238859015705,0.05186068179944565
1964-04,0.002856786447103887,1.4332315227698258,0.0053508078058434
1964-05,0.08020199280166897,1.38532762508263,0.11210788804004511
1964-06,-0.0112643445472684,1.4238569261560698,-0.014767244223768263
1964-07,-0.022155736730325445,1.6027005533779153,-0.03370090985805425
1964-08,0.015250597858227011,1.7868238772531835,0.0294532392517752
1964-09,0.011196170200629272,1.8064237563050947,0.02248301434770616
1964-10,-0.015343079625305522,1.7246008858252122,-0.024359346144195552
1964-11,0.018860006798213154,1.872666472894062,0.03784923518096064
1964-12,0.00742552729053641,1.9368565073262412,0.017286436025715387
1965-01,-0.020417262537522542,2.0292250139985915,-0.038549389819321045
1965-02,-0.010994750651538831,1.834947631737848,-0.017669948774375797
1965-03,0.005013341248614195,1.8519370182854267,0.012351365509433446
1965-04,0.027921941034411733,1.8880789913989073,0.05547187513948848
1965-05,0.006400312091078523,1.979736018861342,0.01570811003713207
1965-06,-0.012903540774098814,2.0530049647925,-0.022805515895853577
1965-07,0.06022797116651015,1.8915250347843575,0.1166864428635559
1965-08,0.010393510877398409,1.8567652248665003,0.022125634803484527
1965-09,0.03078578165868301,1.8475624224488132,0.05950609684788794
1965-10,0.03994905717986608,1.7445996116062361,0.072003368436009
1965-11,0.1417340297436389,1.6416552248185128,0.23492420375009213
1965-12,-0.024033809710208548,1.468195153881653,-0.03374127893803255
1966-01,0.08554201978955253,1.3801526974312892,0.11950562960651055
1966-02,0.10528071436709033,1.3170485131269853,0.13976947811406762
1966-03,0.03279607753773348,1.1897806091997982,0.03974130342716759
1966-04,0.031177482481902413,0.9620211608600449,0.029864269836857624
1966-05,-0.07509040400002692,0.938298437441077,-0.07071018514653604
1966-06,0.04453406395802877,0.6888419652495468,0.029494531605345823
1966-07,0.003139852550533227,0.6178080246787578,0.0006021541884031452
1966-08,-0.0519708552512878,0.6036350521717376,-0.03299652620711681
1966-09,-0.025546686217246407,0.5241839909121213,-0.01529442797228742
1966-10,-0.09289158855942857,0.5201576921464209,-0.05047756471022835
1966-11,0.16517289377057678,0.46945361926030926,0.0754188272613371
1966-12,-0.007927470250178387,0.5218831417107401,-0.006049680513138563
1967-01,-0.10202034861017807,0.5672691309328565,-0.05973373723055148
1967-02,0.025705937196139464,0.5825503242435398,0.013472183215871857
1967-03,0.04457272347220884,0.6266018009945264,0.026473095826795717
1967-04,-0.0004766958243607165,0.7995210029846536,-0.001022661114060585
1967-05,0.025738122589340183,1.2478176453147498,0.03293428175379152
1967-06,0.04269165617249002,1.4842107445585113,0.06467078380451537
1967-07,-0.028274965318236304,1.4466533917741484,-0.0395194489654231
1967-08,-0.01714134838857679,1.4908814673629402,-0.02403398608931562
1967-09,0.018122102435585284,1.520436735229648,0.029218907815393415
1967-10,0.0604273765876777,1.4056033022935999,0.08651877295952379
1967-11,0.007321251483400247,1.2458632840381307,0.010006386238915338
1967-12,0.0586705651811686,0.951662965253412,0.05567509181874076
1968-01,-0.09324888512490918,0.9199211710597934,-0.08610193891988743
1968-02,-0.0712165896824389,0.8359872902927742,-0.06017581340037261
1968-03,0.02492870857445997,0.7657644305528631,0.018199423162040495
1968-04,0.11090733537554026,0.7103715552947392,0.07754001401208516
1968-05,0.10347207490574228,0.7230975219929499,0.07357433980877941
1968-06,-0.040482273027376545,0.8189883805919995,-0.0339328611928287
1968-07,-0.041481428842676804,0.8446760859550559,-0.03578392574207114
1968-08,0.04380617727768912,0.8203104780074464,0.03517997022997137
1968-09,0.03125633392721995,0.8884091653427822,0.027288572946930725
1968-10,-0.03720789958033972,1.0708554193482218,-0.03953251706303904
1968-11,0.04243291151690074,1.1541860997635518,0.04962305826431048
1968-12,0.0012917322276693437,1.1974374537380148,0.002395749600685176
1969-01,0.0020985151340139506,1.2150828309122814,0.003689808713585028
1969-02,-0.016606876359252128,1.220296134967549,-0.019251944814228608
1969-03,0.08914847432474593,1.5518389962583379,0.14088253829686428
1969-04,0.029253414002443696,1.456906920768205,0.045041107996329224
1969-05,0.07502263941401785,1.547547108114106,0.11872929478719838
1969-06,-0.030982164064505636,1.5043779396974937,-0.0440365566502735
1969-07,0.045128639216971925,1.5396521798307519,0.07234256429630936
1969-08,0.02775775105275165,1.5694349902015936,0.046411160702501536
1969-09,0.015949109369710942,1.523489005305311,0.027543924602059466
1969-10,-0.07423212639481686,1.6521679406458836,-0.1187309317516142
1969-11,0.07808352196495302,1.5646678871089879,0.12511105234389802
1969-12,0.10182423531521871,1.6055524963895846,0.16735969118020327
1970-01,-0.02409550336364928,1.2643030945048628,-0.028878200899284945
1970-02,-0.009002362567641631,0.9759137435820399,-0.00893486414426132
1970-03,0.017648237870218905,0.9563713233265655,0.016629585149284684
1970-04,0.08591447958086139,0.9512220583691595,0.0814798584024679
1970-05,0.05932701678056426,0.9482871212541784,0.05598496769808676
1970-06,0.10881832268470758,0.910306015216543,0.09853774859392005
1970-07,-0.0012022365571361625,0.8145532706753132,-0.0019436087122290603
1970-08,-0.13655907870309913,0.8998066185951406,-0.12340778776774906
1970-09,-0.24298366714555739,0.8603338912999318,-0.20980128086464514
1970-10,0.1473897573982691,0.7374074372447402,0.1074783774905074
1970-11,0.07298118273252607,0.68286137062642,0.04837719277555151
1970-12,-0.02728207188327744,0.6836685341983011,-0.019980486250700105
1971-01,-0.1240379412368779,0.7444890368681196,-0.0933158290664488
1971-02,-0.008318301188856545,0.7487234822271778,-0.007057319940985457
1971-03,-0.03509535828813987,0.7441691550786332,-0.026884375659231054
1971-04,0.011261022890313815,0.8651984732001757,0.009365575536332235
1971-05,0.03264396778132971,1.0068391409967388,0.032887057988569765
1971-06,0.07759932392519954,1.0995996545052698,0.08569670849966142
1971-07,-0.009568592548834926,1.2271611272404355,-0.010833560309370958
1971-08,0.05046160516265319,1.4175285984199173,0.07349315285280866
1971-09,0.0499655997303774,1.51175760344433,0.07742937843579803
1971-10,0.07839461254851672,1.6990946951525117,0.13578652068178557
1971-11,0.06115517434267579,1.4760804513867563,0.09203145501850366
1971-12,-0.0422876436608759,1.3791323664250692,-0.056917468316791106
1972-01,0.010121730220810816,1.3069335774611865,0.014118536462218726
1972-02,0.018687513368238564,1.310670210815941,0.025269842613014806
1972-03,0.02672102619837306,1.378411974527588,0.0378542948147273
1972-04,0.03392160746169439,1.3316898912525605,0.04613496243640827
1972-05,0.09667233714307381,1.5202762375995929,0.1485294857046304
1972-06,0.06463006745924561,1.6287552700307357,0.10708995325977738
1972-07,0.043728139152322903,1.7456459964772102,0.07864535363373017
1972-08,-0.0732333691795232,1.5839473818378358,-0.11430435596773969
1972-09,0.06788842326080584,1.5672327931368752,0.10832555470535653
1972-10,0.056472821525121675,1.5903452348019935,0.09217266354750868
1972-11,-0.06945152363152989,1.5401591552945757,-0.1049678110956684
1972-12,0.09996585870813517,1.6014690857393004,0.1623176679676967
1973-01,0.09706548287108577,1.4476541037845856,0.1424869226708119
1973-02,0.03706564032477704,1.423118460149086,0.054483582670047825
1973-03,0.07811284062099103,1.4718552477758207,0.11714132852645073
1973-04,0.10045310376658455,1.3856974146220207,0.14120323273614827
1973-05,0.12710397692084338,1.3118556127891812,0.16833252915665975
1973-06,0.07726631528138164,1.1166706555995147,0.08687604728457676
1973-07,-0.2061912616111663,1.1090025546408522,-0.22796901952170226
1973-08,0.05015866744814472,0.9572537630222676,0.047715349504074925
1973-09,-0.03531087509234715,0.9286771837094587,-0.03327739918585311
1973-10,0.10222066231080601,0.9203153959471947,0.09355729938221068
1973-11,0.1292659233315293,0.9159917972734426,0.11793607950338983
1973-12,0.14558759722508738,0.9610275140652084,0.13966426272996987
1974-01,-0.2422642968551914,0.8600553902586219,-0.20924236541889296
1974-02,0.03440083005678352,0.8754458261109431,0.029393648879406487
1974-03,-0.04728116102017496,0.8908197909238864,-0.042730403145457105
1974-04,0.07066313241033831,0.8981793987527147,0.06270451527294649
1974-05,-0.007779029243356904,0.913284453136352,-0.00775483306992826
1974-06,0.02276315458500914,0.9154036673395132,0.020329897191370697
1974-07,0.09734629128456598,1.0663427456678982,0.10426891074864639
1974-08,0.029489368560696567,1.128902226514197,0.0340640271857533
1974-09,0.056871976421882166,1.0635918150592474,0.06100366233053627
1974-10,0.05593118551657352,0.991610037819343,0.055419136178248805
1974-11,-0.015980475143666996,0.9663655901090508,-0.015624607105843898
1974-12,0.011242430271037336,0.8109903267119526,0.007794434485528584
1975-01,-0.21966968747021906,0.8125321743124406,-0.17957600217969924
1975-02,-0.02616673977754623,0.7678269019411949,-0.021089871058947614
1975-03,-0.0295047592367245,0.7520475798447255,-0.023205587700516596
1975-04,0.04542256176049257,0.7627691945976409,0.033603115306842145
1975-05,-0.05006613444040116,0.7901097076708083,-0.04048125613316119
1975-06,0.01926691560631768,0.9612053074328641,0.018360403299128376
1975-07,0.05239555252559985,0.9962875608372176,0.05218321751646684
1975-08,0.02652954234272581,1.2007282283597092,0.032818265872501654
1975-09,0.03178579085555945,1.3434583969959448,0.04452321713413677
1975-10,-0.01771051596710272,1.4171404309593836,-0.022762301816760446
1975-11,-0.001828179206499008,1.4035606798189622,-0.0009113616626468938
1975-12,0.0028358690419277915,1.462255260463157,0.006365589674766679
1976-01,0.08804458961438384,1.476731249235469,0.13225883368107993
1976-02,-0.021532943582883032,1.4723544788981087,-0.03009812069986455
1976-03,0.0054491519516570025,1.5746548692926128,0.010879153131362495
1976-04,0.023940742770796053,1.7542001147925022,0.045164494198876706
1976-05,-0.024821461913425845,1.878666150589585,-0.043380175547720265
1976-06,-0.035104674445885886,1.8308268794289528,-0.060698025987586064
1976-07,0.0009335362926169207,1.8835791310116674,0.005911211394570069
1976-08,0.0060905666951728025,2.147842622569615,0.017902517758287485
1976-09,0.029998061422533653,2.27071344349444,0.07370814050229466
1976-10,-0.023003097504027792,2.3322094090333634,-0.048185981858768705
1976-11,0.04209452981237885,2.4061370758092604,0.10690975717356002
1976-12,0.02417980643005455,2.4702142911041722,0.06561016056406999
1977-01,0.1116867866731249,2.3499614785313945,0.26731950766551005
1977-02,-0.012742142130198749,2.029185150806806,-0.022254017572245287
1977-03,0.013489344369365932,1.7920540838041077,0.02718344018341777
1977-04,0.07021041937168737,1.6922617142593999,0.12144499915898876
1977-05,0.04359087676857908,1.5400551962465174,0.06913056050250393
1977-06,0.002734301952596361,1.4476453815383805,0.00574888111956102
1977-07,0.0015555145120748548,1.4210830527017537,0.003979064132688579
1977-08,-0.03651844267871267,1.4642094186430057,-0.05142812628231658
1977-09,0.021558015179164586,1.5711177088044723,0.03632598556252033
1977-10,0.002045491046206537,1.6181976849590933,0.006339177531875529
1977-11,0.039180369281342636,1.754721690842804,0.07252425228741702
1977-12,0.024663044942280436,1.837350263418651,0.049417668412156376
1978-01,0.01807610298334788,1.8546548298314305,0.03771274036877048
1978-02,0.051300025350415786,1.847349457223454,0.09866688148986791
1978-03,0.015897359298108163,1.830482697869913,0.033501399435718913
1978-04,-0.03331253327342873,1.8465720929300586,-0.05694250498569519
1978-05,0.08785757751752565,1.7337925908388625,0.1560691591622152
1978-06,0.04187350751908161,1.7078412573479762,0.07533564652063734
1978-07,0.032585471847267615,1.713346603156332,0.05982494847943772
1978-08,0.07899595720773364,1.7483646370097035,0.14230458001598764
1978-09,-0.059342622021656806,1.6886672456826148,-0.09594020515766347
1978-10,-0.1364368624052856,1.6059980761140475,-0.21499655161635017
1978-11,0.09946745553426131,1.3274632165938607,0.13433163098607437
1978-12,0.03413298804211348,0.9610654295314297,0.0325003451642301
1979-01,-0.03465487245844141,0.9445994716162168,-0.033161558281726275
1979-02,-0.02892324201427832,0.9253457668263579,-0.027308975462974294
1979-03,-0.03385625477687396,0.9275632044088681,-0.031990554214408426
1979-04,0.00661292878966469,0.9265992588590187,0.005540328986262919
1979-05,0.016469030032134808,1.0489852225456247,0.01767744795824363
1979-06,-0.004161424864530914,1.5429583434605767,-0.002022942633381602
1979-07,-0.022351503005071438,1.6942408206162012,-0.03252317447457297
1979-08,-0.020812907120022178,1.764645700717612,-0.030839635173256504
1979-09,0.09210193115927778,1.828644532025982,0.1752994424192624
1979-10,0.08322949865988706,1.7781313512994665,0.1547627236763875
1979-11,0.08878577334731563,1.6138280360360893,0.14936186778580102
1979-12,0.012689437067520454,1.4379280132763927,0.022406813158221232
1980-01,0.05756099613710259,1.373533212355398,0.08205020562941437
1980-02,0.1031714770414068,1.2968315597901505,0.13643782837959365
1980-03,-0.1584039210337614,1.0638922027965227,-0.16775160082637694
1980-04,0.01470076051791961,0.7441805270478485,0.007716694351032508
1980-05,-0.04148096804145994,0.7243495146557576,-0.03227948799957086
1980-06,0.04178165957636877,0.7234792827073806,0.02854138872515026
1980-07,-0.04834386533333851,0.7042311887638679,-0.03561283245268882
1980-08,0.03373349270811329,0.6995233243452448,0.02167431423676505
1980-09,0.0773261504708459,0.7511292430231385,0.05621540219173333
1980-10,0.07304919847505725,1.0760827604714422,0.07932976936974458
1980-11,0.18024116455806763,1.1285383425433928,0.20464303319686913
1980-12,-0.06895935902917294,1.07541053016014,-0.07317174290796848
1981-01,-0.12286477289083611,1.05760307714754,-0.1293430898800475
1981-02,-0.007434000966139203,0.9841904638450942,-0.007485634895946913
1981-03,-0.06390470564833628,0.9604544439548687,-0.06185605975771847
1981-04,-0.011363275987550247,0.9707386723447131,-0.011346793784318184
1981-05,0.05650489458098465,1.0042690223293174,0.05679520899445374
1981-06,-0.1518970544292311,1.0831999914777195,-0.1634116881782846
1981-07,-0.08125515170862366,1.1372468188300582,-0.0907053022406933
1981-08,-0.029397754374466338,1.1859466218998922,-0.03248405073152252
1981-09,-0.0006727259245030062,1.2755288377070748,0.0025584762709909906
1981-10,0.05997253894023723,1.2757422531049318,0.07984598321461117
1981-11,0.02115921899246799,1.3272565867196067,0.03158535825549553
1981-12,0.0063054867601175825,1.334485202870528,0.011324600043246535
1982-01,-0.014712355741139133,1.4760844715331962,-0.01790800407690217
1982-02,0.06126374252201676,1.7359398900556697,0.1131208214465808
1982-03,0.012722783890664582,1.630997618703194,0.02693460689224059
1982-04,0.021484804296273106,1.4174137481450018,0.03516963233978082
1982-05,0.039356714715382345,1.3361601247426758,0.056150170165839536
1982-06,0.1465440272999716,1.1096420029929246,0.16366397120852239
1982-07,0.049148218479156104,0.9350270323069133,0.04527269670695972
1982-08,-0.013203933104639246,0.91688741852156,-0.01273817575788019
1982-09,0.08235113721820259,0.7974720366136325,0.06463983650157826
1982-10,-0.008133068294659412,0.7922560007752918,-0.007669161756584967
1982-11,0.10530225537043214,0.6543111184802968,0.06672259653635117
1982-12,-0.08723968268353213,0.6836724964121702,-0.06176276592049445
1983-01,-0.041413229322608505,0.6764118808818648,-0.030245158361412745
1983-02,0.10988458074964554,0.6271208232083502,0.0665990578415139
1983-03,0.04387475742261986,0.6642674868198999,0.027029460014921812
1983-04,0.07704208231166138,0.6538567090616698,0.04791686503389904
1983-05,-0.07468439326520725,0.7781821221528198,-0.059648602999960276
1983-06,0.04015681829430489,0.7744167963358685,0.0295867071099675
1983-07,-0.06954128087355711,0.8416873180093959,-0.05970352803613285
1983-08,-0.03293532917396437,0.9517449956228718,-0.03171277275377874
1983-09,-0.013270278147683525,0.9368479299750379,-0.012912188345040003
1983-10,-0.08896056177549648,1.020025622868205,-0.09058985770195786
1983-11,-0.006534759569901322,1.0668806838505311,-0.006503643971781407
1983-12,-0.032955536917892846,1.1349243529765134,-0.036417093636804586
1984-01,-0.12318306408013706,1.188369728721529,-0.14495541450571556
1984-02,-0.007007898611185938,1.31619223686118,-0.006978776867038798
1984-03,0.06005078088956983,1.421090396770735,0.08841154793717762
1984-04,0.04099196313555775,1.3945608482347809,0.06036172975183401
1984-05,0.004958102082463779,1.4728796241980238,0.010991148600699274
1984-06,0.06747121767384162,1.353943360036105,0.09400678236331933
1984-07,0.07734256355924964,1.3333414486337605,0.10585744561593544
1984-08,-0.026520724750235578,1.1935214959849418,-0.03004682666183102
1984-09,0.038296721201425174,1.0948385189837548,0.042744336785362394
1984-10,0.02471746909749347,1.11462940441927,0.028697111903083557
1984-11,0.05634042157339143,1.1513341350305244,0.06597138972517855
1984-12,0.014509627292443778,1.1632579027464856,0.017923289191418824
1985-01,-0.16857443728769428,1.1473112006057435,-0.19244981723204482
1985-02,0.013834872267624223,1.3206866853918773,0.02013151437322153
1985-03,0.03607753137498025,1.4375887648968246,0.05457770411224461
1985-04,0.05522516314604678,1.4850595546092062,0.08550508497807527
1985-05,0.06884871318562158,1.4728882003518446,0.10452751938283265
1985-06,0.07918088166877607,1.4917210105127012,0.12082025037405311
1985-07,-0.07411948428864276,1.5945971892548856,-0.1145042187423111
1985-08,0.04606272337586359,1.5890148411001206,0.07643393269178735
1985-09,0.08394731098228231,1.6668380215357885,0.14392759788017176
1985-10,0.09780527299182872,1.5500262234228486,0.1551759083786135
1985-11,-0.01815090424693081,1.4854397889365631,-0.024000892661055637
1985-12,0.011322375592771031,1.455454487316946,0.019439656531146612
1986-01,0.0455380995443001,1.4120404960178303,0.0666090674459427
1986-02,0.04210603322272745,1.41459874914818,0.06176051529894731
1986-03,0.02589451273780946,1.3791512842323703,0.03798735820231561
1986-04,0.005888063576681689,1.3164041255477315,0.00939637263667931
1986-05,0.00042293161131000574,1.3433683355117485,0.002250657778728392
1986-06,0.08691451276767671,1.2652412015388506,0.11134707681334108
1986-07,0.03368721622031308,1.2749369384474036,0.04437874839266817
1986-08,-0.005259226747621158,1.2728918480318432,-0.005439124353051518
1986-09,-0.05793550260909178,1.200900604847773,-0.06867072740360308
1986-10,0.10647283877451916,1.1568704522282454,0.12389688522335296
1986-11,0.0450957676354275,1.1332607453930084,0.0516249801516272
1986-12,0.023340161662956556,1.1627744193133323,0.02793693757895893
1987-01,-0.01688368647718379,1.1562439282729198,-0.0188654354773611
1987-02,-0.021050267754158497,1.1700700454256738,-0.023898986552000435
1987-03,-0.0013113660941557644,1.1860985315325223,-0.0006807463003768366
1987-04,0.05593059537976999,1.2921708896948305,0.07355743910769623
1987-05,-0.007602294532982813,1.2956372950253714,-0.00872639460360361
1987-06,0.013842749004449137,1.3376841417197507,0.02013810970131328
1987-07,0.04126041190423112,1.3720935112953436,0.05832477359912725
1987-08,0.035626860491917545,1.519904590308429,0.056592980374393115
1987-09,0.05033325482777516,1.629356258328889,0.08484290691817822
1987-10,0.06148937496943386,1.5378218728908202,0.09778663701572561
1987-11,0.06430826305824092,0.7194606435228343,0.04528537657604764
1987-12,0.12106822530510959,0.6912224931679372,0.08248084826217035
1988-01,-0.09953065881181182,0.6561858715179522,-0.06630767306778262
1988-02,-0.00354977795534505,0.6346691508323395,-0.003933456466733439
1988-03,-0.006509868838750835,0.6331871627767838,-0.005735941863839788
1988-04,0.04535426375752364,0.6527919197686473,0.028009739738903215
1988-05,0.022580519333184973,1.058192397384199,0.024191315114022675
1988-06,-0.04401457053062513,1.202780264576367,-0.05194623349161626
1988-07,0.028171797115716928,1.4801342272399942,0.044146725712757545
1988-08,0.011406736682687404,1.8294136020234246,0.025761179493946098
1988-09,0.0206601537520173,1.8377836747315195,0.04316315206623597
1988-10,0.06053940189126255,1.827204799988402,0.11566383500407114
1988-11,0.00534626440755191,1.8827929450567087,0.015097828695769758
1988-12,-0.014084288354190247,1.921186399217766,-0.021255068913659553
1989-01,-0.018581664169704564,1.6568985995256678,-0.0271749910422486
1989-02,-0.002084085790193065,1.4253009578203002,-0.00037611363023802146
1989-03,0.082942252206518,1.329500328623201,0.11247940376708955
1989-04,0.02976114280244221,1.3058342513947996,0.04091220911642601
1989-05,0.04769445034824232,1.2871939800707946,0.06366084181360221
1989-06,0.03197170820720504,1.285222053045479,0.04311582103805795
1989-07,0.09428492885519177,1.3707463176791466,0.13183594326464845
1989-08,0.03966946990283553,1.5014915459822675,0.06327441113297433
1989-09,0.0587030202397981,1.644487214278186,0.10072553311666974
1989-10,0.06346848124581242,1.6894849521825803,0.11191754167752394
1989-11,0.03803814470504922,1.2769149627429852,0.050482189371786806
1989-12,-0.009977703083220645,1.2590807495772454,-0.010982341304659445
1990-01,-0.04536635607810505,1.2631647109459723,-0.055805141209679575
1990-02,-0.015327133116369341,1.2054078009706402,-0.017304621359454393
1990-03,0.012693898832635601,1.1709395051741065,0.01595780045093078
1990-04,0.047449373054608654,1.1981144474645002,0.05821676906736445
1990-05,0.09304987316057896,1.3812297337225063,0.1311156137178125
1990-06,0.01963143173557398,1.3488575967325684,0.028677808690680977
1990-07,0.07273879429918038,1.274633445472684,0.09458280742630737
1990-08,0.042555815033195436,1.3002469016822733,0.057314696196579286
1990-09,0.0843720277582933,1.1512579345650464,0.0980415140194678
1990-10,0.12194110912768932,1.0982114428570422,0.1345849592101356
1990-11,-0.0793312156897328,1.0935857726478715,-0.08622204990105851
1990-12,0.08257467244874624,1.052368701801502,0.08721321305738035
1991-01,-0.046155768539508674,1.0046647223458753,-0.04634681582820742
1991-02,-0.23053014600440372,0.823525094166302,-0.1906944397444497
1991-03,0.004230977545155752,0.7368361597405236,0.001959616349179256
1991-04,-0.025904075491312004,0.7121540923842907,-0.01997327668093271
1991-05,0.11113995874553907,0.6955555187187239,0.07587312259360901
1991-06,-0.006674071134404863,0.695703670457361,-0.0059212203691780705
1991-07,0.09755825285184816,0.7143537372930788,0.06829143584123698
1991-08,-0.010918848679350321,0.780629200059614,-0.00953267778985899
1991-09,0.045276169940982915,1.0616926598247451,0.04835316352651315
1991-10,0.05884338662394686,1.0552112142840349,0.06232408855203284
1991-11,0.031929290028178146,1.134071948155397,0.03673299274328073
1991-12,0.1404497384117954,1.1321443284402084,0.15951152322189782
1992-01,-0.044696720078020134,1.073765217835154,-0.047742981630452666
1992-02,-0.03839381005493506,0.9402672145253584,-0.03626769263469848
1992-03,0.0011216057723638442,0.9087365036841242,0.0007089482206158737
1992-04,-0.046619838314383724,0.9174820296169707,-0.043036921382321486
1992-05,-0.049786845961820925,0.8766418630534843,-0.043990636182977785
1992-06,0.01369393237617165,0.8689907367362978,0.011480670741942596
1992-07,0.009279732480785155,0.92935516700285,0.008405168347130695
1992-08,-0.02905596512852334,1.1049975228599997,-0.03183377593188883
1992-09,0.04606916353701202,1.16227552069804,0.053966977391918705
1992-10,0.03845608806672232,1.2167675180754736,0.04729068412341114
1992-11,-0.031217279664951376,1.406684146979897,-0.042977478878471254
1992-12,0.07151802959208041,1.5877391442677495,0.11519764470819503
1993-01,0.08023021639556904,1.4948979773167872,0.1210742535572529
1993-02,0.0493159269214465,1.335972026412606,0.06662383728176861
1993-03,0.05994197612847738,1.2517396887318357,0.07566109976286099
1993-04,0.02274790861671802,1.2832562847617839,0.02987121178101842
1993-05,0.023044143140183,1.1379162976488206,0.026525721899393912
1993-06,0.06765321859887133,1.1045389413079043,0.07498696180053932
1993-07,0.05921259239314044,1.0685370668266536,0.06343533875535247
1993-08,0.0447761253687211,1.0861678006126665,0.04884980511323249
1993-09,0.09368351606792343,1.0820861507993615,0.10158705928736773
1993-10,-0.1094955743858497,0.9750981909325852,-0.10682372047871466
1993-11,-0.12460411993094735,0.9955470629138197,-0.12406039796693143
1993-12,0.019150246062008897,0.941188773789875,0.017888730788593248
1994-01,-0.047160644387763656,0.9577009521135742,-0.045271541652167006
1994-02,-0.008458901305049525,1.0036203752252064,-0.00848192291379386
1994-03,-0.01252541763988927,1.0316191294207744,-0.012836088791858088
1994-04,0.04831396790733788,1.149108495828533,0.05592058392824608
1994-05,-0.01933804984273619,1.1326706884718452,-0.021492363094812138
1994-06,-0.01978962405884354,1.2727355849800035,-0.024341478439628573
1994-07,0.008472094298794832,1.220075162696951,0.010952802285537478
1994-08,-0.029555746867152476,1.225317553993,-0.035381500507921444
1994-09,0.01292671914645182,1.2508908032204737,0.01709821006802635
1994-10,0.04150863423763888,1.281297179035189,0.05425382523462388
1994-11,0.007151813321283467,1.4618510570797076,0.01216373477494989
1994-12,0.06167035462125485,1.570774778656366,0.09938164665594919
1995-01,-0.042372169775671466,1.5831768604177,-0.06463329590077896
1995-02,0.009805323875857499,1.53478953752557,0.01718826664681804
1995-03,0.042883746206786706,1.5360694529474281,0.06833833205975337
1995-04,0.01278712048986956,1.493131528087543,0.02126263148046366
1995-05,-0.010372163790931638,1.4257397040524369,-0.012489011331783116
1995-06,-0.020617263609824205,1.3690120967075379,-0.026490926428332028
1995-07,0.01706560191787804,1.1274595569721264,0.019814343984168016
1995-08,0.012556221395443126,1.0153373042317493,0.012820885312875459
1995-09,0.04417078580666375,0.9260107811662889,0.04058447022857256
1995-10,0.09457258406490382,0.8529291233546228,0.07997247809962651
1995-11,-0.031211789677860317,0.7673639133207716,-0.024927872633000517
1995-12,0.02288089087271191,0.7217088487843005,0.015149714769947193
1996-01,0.005540866275957183,0.7214920544700624,0.0028001068272054995
1996-02,0.006956459770956991,0.6740721455508765,0.003418037130895756
1996-03,-0.052893567400223766,0.6989781878517772,-0.038145434957802316
1996-04,-0.018959607779942607,0.7256420607604033,-0.015019935381148673
1996-05,0.04125005306902249,0.7997259968350656,0.032147588996830644
1996-06,0.05934023142911489,0.8745197793724648,0.05139228521479042
1996-07,-0.02472187626639653,0.9581085494659572,-0.023874752537077246
1996-08,0.0008321560912556911,1.1652107498116755,0.0016470012972802659
1996-09,0.012727380083316336,1.1492101816882654,0.015282959577391945
1996-10,0.05646772194396064,1.0909158437892228,0.061983379075265764
1996-11,-0.14961788078280458,1.0475087175599482,-0.15653124868083707
1996-12,0.0602929169672276,0.9536040540166907,0.05728214869691673
1997-01,0.04784205201533355,0.9694164288715222,0.04624124514451211
1997-02,-0.0160995381502846,1.0162028816253244,-0.01629720582281729
1997-03,0.06926644573398597,1.0137900471154755,0.07028093048677571
1997-04,0.1617645630097648,1.0316031570416897,0.16701272747362197
1997-05,-0.16702921227100528,0.9406546976878636,-0.15740760515515395
1997-06,0.04220210524775434,0.9585436843279633,0.040299173082592385
1997-07,0.0898896269512936,0.9540259681942277,0.085559350046061
1997-08,-0.07036559035066503,0.9489375880870052,-0.0669819094805216
1997-09,-0.015626289623552336,0.9322450458633382,-0.014865652884983666
1997-10,0.028099439940259163,0.8970750179910733,0.02477502066550958
1997-11,0.054798994839498835,0.956775415158283,0.05226175515693541
1997-12,0.06943310331264427,0.9155114657711323,0.06316125722249885
1998-01,0.011705858699279521,0.8766661687314503,0.009731794823154333
1998-02,0.016212430071093728,0.8627951019824235,0.013452906154303675
1998-03,0.015774394820871986,0.8981387643748965,0.013770336654241828
1998-04,0.04630263101811955,0.9488128494993865,0.04371242652846805
1998-05,0.1000498927242704,0.9838448929914025,0.09836895557307672
1998-06,0.18424253970337984,1.1334452603871925,0.2093759589560825
1998-07,0.12506167173748894,1.161553566370951,0.14591204508847727
1998-08,0.07083099683412614,1.1075902562749222,0.07891436003770014
1998-09,-0.000768247862294659,0.972785403354164,-0.0008725274511691299
1998-10,-0.13091768687849012,0.899029914388142,-0.11802202110022048
1998-11,0.04745100810462835,0.7353420165038442,0.03407228023595958
1998-12,0.14060062114860192,0.6869185928785253,0.09539147149018265
1999-01,0.03733509426514536,0.6708469614121071,0.02389409890674973
1999-02,0.057105175055347776,0.626417013052966,0.034464112733723073
1999-03,-0.06521246311828724,0.6171203188392933,-0.04189031866084411
1999-04,-0.1848390788084361,0.5982196072155763,-0.11206094857617396
1999-05,-0.11477866234524071,0.5296479434430701,-0.06239147945459685
1999-06,0.07160002994397777,0.5343231410861022,0.03639484546586959
1999-07,-0.0018329868634263413,0.5337504072780938,-0.002750105937232449
1999-08,0.05864274710627375,0.569758001749223,0.03173423061517753
1999-09,0.09749211568879039,0.5720078118464497,0.054097082233627074
1999-10,0.16110206822197873,0.5778896859996077,0.09145299339408512
1999-11,0.11398006319869979,0.7160678619533937,0.08059530446303786
1999-12,0.23561810531888114,0.6788729145940663,0.1585417907131744
2000-01,0.022716216480636337,0.6332695726836751,0.0128818939516855
2000-02,0.3370683250971887,0.4953388459987096,0.1647929922141538
2000-03,-0.1573164253926352,0.46558469927682866,-0.07575587252113461
2000-04,-0.1126735666028319,0.4066976217557272,-0.04855326251203092
2000-05,-0.15568693204351905,0.30165419233098684,-0.05045534478042203
2000-06,0.21301765525632677,0.28372777916903563,0.057573937366348985
2000-07,-0.006233086072378853,0.2786114472064928,-0.00519927418459694
2000-08,0.12227880454554421,0.2938730902541395,0.0324038156156517
2000-09,0.07295717245859973,0.3033124217895558,0.018575710016462903
2000-10,0.03734929397676765,0.3192608458979723,0.008112027925743528
2000-11,-0.02146585021933218,0.4134113794901088,-0.011865828715702617
2000-12,0.20250117338308654,0.4646945892332727,0.0914246725306755
2001-01,-0.49899554467326396,0.39516111358385025,-0.20044976509311407
2001-02,0.27157661545285716,0.34345104724264175,0.09077838696341804
2001-03,0.21575127756260945,0.32615823495678964,0.06753892046631163
2001-04,-0.1449831918417436,0.3130563114891952,-0.04806698365109877
2001-05,0.1327489773998677,0.26119972152479126,0.03230983503842559
2001-06,0.14122770240571056,0.2502353562442326,0.03324082342053129
2001-07,0.12479557874063599,0.25838993613692474,0.03002109142937427
2001-08,0.13604921590470312,0.2732360112579369,0.03492057672347055
2001-09,0.20524843681797655,0.2764498301271932,0.05471495501655771
2001-10,-0.2502709224233518,0.27491780179359737,-0.0703991126815379
2001-11,-0.2603682857933666,0.31825971485729443,-0.08402369487922201
2001-12,0.055521067371997274,0.3370446698250135,0.01771864682546467
2002-01,0.0609358945039199,0.3487599503603109,0.020340263472852678
2002-02,0.24819852603905032,0.35894571703093203,0.08825642732724759
2002-03,-0.04975525354597677,0.34788163437319525,-0.01815669279754196
2002-04,0.20896548563511108,0.3701465164487443,0.0764030663405296
2002-05,0.07689245728623822,0.40876611375001043,0.03060330350083429
2002-06,0.1630082700229038,0.4345193389639425,0.07009512087666113
2002-07,0.05333380107134528,0.4409914404069783,0.02268123691744226
2002-08,-0.03014246367256254,0.3897788061334985,-0.01260320317562688
2002-09,0.17964989248437238,0.399571152649876,0.0709423142271168
2002-10,-0.1958987268644859,0.39859718689305607,-0.07892664538246494
2002-11,-0.3708225945895109,0.4036784965102295,-0.15040869326010387
2002-12,0.15532905316690843,0.37529287735857747,0.05760670946548696
2003-01,-0.022584101386086776,0.3834611557878604,-0.009276664464151194
2003-02,0.05194666059273993,0.437673746560359,0.022229595934828168
2003-03,-0.013996768599500643,0.45738299892312173,-0.006944500998349465
2003-04,-0.15930488977868118,0.4754036912244022,-0.07625872893965717
2003-05,-0.1479060218050593,0.522651697948699,-0.0777329469050977
2003-06,-0.005116334498428881,0.6821186843397232,-0.0038078286723705226
2003-07,0.03441966243193916,0.7773669719027492,0.026600865638963286
2003-08,-0.014134060018880207,0.8839106123608722,-0.012574508217781114
2003-09,0.00799716702132485,0.9484260071909586,0.007543461992627105
2003-10,0.08690459906977119,0.977966515785033,0.08497436451900887
2003-11,0.031072780496799422,1.0157802515978784,0.031574162967003085
2003-12,-0.09468567159572844,0.9550437055411419,-0.09046491969800323
2004-01,0.0416297736280098,0.9440757308234962,0.0392625119734565
2004-02,-0.03299460202839136,0.8706353864930296,-0.028803886857276386
2004-03,-0.001482029606253899,0.8022881277579016,-0.0013669554431011092
2004-04,-0.14246781650168513,0.748379990581263,-0.10682135917919922
2004-05,0.03578539398703636,0.7381937182970688,0.026259469278994182
2004-06,0.00653609988091627,0.7419491180270464,0.004643012836404147
2004-07,-0.06334666326566216,0.7784668543616219,-0.04953481083236331
2004-08,-0.02886901312472094,0.8027321837550213,-0.023391080546329088
2004-09,0.061114510507747806,0.8934744857485905,0.05448707778201025
2004-10,-0.05177591827525283,0.972567857089782,-0.05038576924301957
2004-11,0.008587286924215275,1.0652572342638609,0.009245555370115573
2004-12,-0.08818477243764623,1.1828511534004835,-0.10401689794478824
2005-01,0.060368406679089215,1.1085978117978574,0.06709804004503803
2005-02,0.0798335524484524,1.1306898168951094,0.09047608850705893
2005-03,0.05256959903890615,1.0987303914859876,0.057967149954399326
2005-04,0.01447483056797282,1.0919622775119853,0.015999089736378872
2005-05,-0.02526612884139466,1.0757004947694027,-0.026997106108149146
2005-06,0.03769488607730144,1.0736116588074152,0.0406389759852652
2005-07,-0.02986797735969564,1.1213306507950151,-0.033200684928770256
2005-08,0.02501667855322806,1.1438960647650196,0.029048168344824103
2005-09,0.08617202099496422,1.1991804243954682,0.10391342393850325
2005-10,0.0070034734067040355,1.2178841398813425,0.009117706363785224
2005-11,-0.018610372576157726,1.144274991783957,-0.020848131452148994
2005-12,0.02371225938136312,1.105498950597259,0.026551474504298168
2006-01,0.028516265142355102,1.1050640811987,0.031880024622950615
2006-02,-0.035761789413115634,1.0889486690652892,-0.03864032750998344
2006-03,0.009017746840473262,1.0170219075629232,0.009234227151600457
2006-04,0.0011210138494969603,1.03602800155011,0.0012911025437847279
2006-05,-0.054471778129565294,1.1383301594745707,-0.06141204819935084
2006-06,-0.013348551034544298,1.0445124294415287,-0.013764677752849981
2006-07,0.015176341556674262,0.8821856060175585,0.012917092497374372
2006-08,-0.07431019039467653,0.899499652212266,-0.06726409187654729
2006-09,-0.01358302272220988,0.9329561194296937,-0.01294724407937654
2006-10,0.02369295348693285,0.9257293386642501,0.021628752450984612
2006-11,-0.027981266014219325,0.9477841589061096,-0.02673950720700931
2006-12,0.01005088213325321,1.080317570483954,0.011179414849352505
2007-01,0.02586100808651331,1.5107917571448726,0.041318081579998646
2007-02,-0.03826125424280084,1.56502988444307,-0.05773289274537386
2007-03,0.03369346770759704,1.662582608358548,0.058867278641882945
2007-04,-0.004052402383087981,1.7580752833837656,-0.00378889722114388
2007-05,0.031018192520966707,1.830167742835336,0.060172183138554415
2007-06,0.004713991028948867,1.8014581183458744,0.011697889882293054
2007-07,0.053131347551800434,1.798495439273742,0.09875046801147613
2007-08,0.010522284730473019,1.8738810607062626,0.023387810526758396
2007-09,0.11350368002079543,1.265421349692194,0.14447932828596088
2007-10,0.13379379253472504,1.191327959412033,0.16000453531250938
2007-11,0.08730519607664784,0.9983875749397952,0.08715894074540306
2007-12,0.07580395271964363,0.8171581623564438,0.061450145742101135
2008-01,-0.22021400886437292,0.736294281024495,-0.1626960973381638
2008-02,0.167256036134948,0.5107046734483017,0.08478235539203877
2008-03,0.06591179017599028,0.48979656340597805,0.0314160224739261
2008-04,0.013403316571074932,0.4600733729240778,0.005194641134486968
2008-05,0.040674878613710656,0.438963881963558,0.016844937602205342
2008-06,0.16260607553347817,0.44372255183589354,0.071206311117856
2008-07,-0.16690024266546466,0.43020706920554774,-0.07265635364299594
2008-08,-0.015413362076891278,0.35066959159186445,-0.006249126915491572
2008-09,0.10940485045123072,0.3134296871369288,0.03326087257889712
2008-10,0.06065284567987616,0.2744925739001364,0.01606834978415709
2008-11,0.09853776771153615,0.24970571834355748,0.024380355785882803
2008-12,-0.02572458840994774,0.23917449742765834,-0.006152665504482615
2009-01,0.03145711955394152,0.2316088387822298,0.0072857469313221705
2009-02,0.12240485221802594,0.24259035401451268,0.029618495468066473
2009-03,-0.4205833431676006,0.2490086715914254,-0.10487909784132655
2009-04,-0.4537518997127363,0.2073810871562021,-0.09417882415290361
2009-05,-0.22100535944330363,0.1895389930287226,-0.04188913328283466
2009-06,0.09314280980515738,0.1858263105155475,0.01722696732819531
2009-07,-0.07036158407574328,0.18915612311022773,-0.01339040884735091
2009-08,-0.30453071430736495,0.19854071596517345,-0.060541891980373415
2009-09,-0.04192920125104648,0.20240170080191494,-0.008566301476397396
2009-10,0.11245508372008428,0.26915157268150747,0.03026746263929127
2009-11,0.04954701288056718,0.4132782546127324,0.020476703004555376
2009-12,0.1373333820313956,0.5290472997148549,0.0726087596543899
2010-01,-0.07853708800629239,0.5827485185434114,-0.04576737168638041
2010-02,0.07043035518837669,0.6237024467364682,0.04392758485550905
2010-03,0.014454932474341476,0.7345676258323074,0.010591582191826569
2010-04,0.06028158021682005,0.8363579900177766,0.050400617064236757
2010-05,0.03299169124988602,0.8953193337530851,0.02952763096261075
2010-06,-0.02001841617280178,0.8912689133678039,-0.017852665138340735
2010-07,-0.0004248642791445766,0.9994473300317714,-0.0004246847364137432
2010-08,0.04607669648563091,0.9862765572410943,0.045442993234614995
2010-09,-0.012475546520998287,1.0069114843893816,-0.012561079917588232
2010-10,0.054497417849204,1.050536632248231,0.057256587476752226
2010-11,0.11857839043115687,1.099036166003117,0.13033184320687966
2010-12,-0.13590454091233728,1.195693347509136,-0.162480586130414
2011-01,-0.019374875917599742,1.166869131524136,-0.022591257722205094
2011-02,-0.014187932879516574,1.1932983235618697,-0.016911106687579273
2011-03,0.0743731881046463,1.1595716997689125,0.08625700131771466
2011-04,0.014480743471345845,1.1312600823341283,0.01638148705165409
2011-05,-0.018148459821001002,1.108601998531134,-0.020119418827823695
2011-06,0.09258891606603467,1.0542096129467173,0.09760812536913051
2011-07,0.028050184895746736,1.1265063987356871,0.031598712770777825
2011-08,-0.026777951052155687,1.1145179099539952,-0.029833054248503545
2011-09,-0.021634216360909675,0.851660719796384,-0.018425012278163042
2011-10,0.007701144226046008,0.7475303222207074,0.005756838824764313
2011-11,0.047551378438572676,0.6995575259277147,0.03326492465494038
2011-12,0.021155644755351304,0.6705198560742477,0.014185279876516068
2012-01,-0.2133698378925578,0.6339573225439654,-0.13526737114200588
2012-02,-0.01789129011356516,0.584363424373755,-0.010455015557227245
2012-03,0.05876035004109297,0.6222597947200907,0.03656420335425119
2012-04,0.053597808059394444,0.6323233112451027,0.033891143467595745
2012-05,0.13664381407167717,0.6352075745213698,0.0867607064672712
2012-06,-0.027214918372839143,0.6436873391778044,-0.01751789839335397
2012-07,0.05379831100784151,0.6793840305983654,0.03654971337189177
2012-08,0.007897420142502418,0.7392859851568131,0.00581238062876284
2012-09,-0.018652913426733884,0.759191134318584,-0.014185207389356585
2012-10,-0.020271465916849654,0.801391410085882,-0.016265239514603454
2012-11,0.009185090002207076,0.8228948346414776,0.007540652601997429
2012-12,-0.04145447946912317,0.808829235887259,-0.03354871202952624
2013-01,-0.05114955629852265,0.8371666461721887,-0.042820702499629756
2013-02,-0.0010313800828196835,0.8942295384361871,-0.0009222905354121221
2013-03,0.017199182093297766,0.9417946500797887,0.016198097681215936
2013-04,0.003228343591393413,0.971755097041807,0.0031371593399388015
2013-05,-0.02898086015691133,1.0565542249823232,-0.03061985024240654
2013-06,0.01388204359532473,1.173506423101197,0.016290667324884402
2013-07,0.029302048323266786,1.157967198621643,0.033930810810769256
2013-08,-0.07738892494551325,1.1637604431440058,-0.09006216958902871
2013-09,0.08826996592744148,1.1022775480463862,0.09729800160863825
2013-10,-0.04888129975223357,0.9447846456227629,-0.04618230146399404
2013-11,-0.01943984763282832,0.8837683021085135,-0.01718032113571289
2013-12,-0.004479294583684363,0.8747266549891937,-0.003918158367897435
2014-01,0.04274271475568979,0.8990000023189892,0.038425700664485016
2014-02,-0.00414151927747039,0.8885926334649985,-0.003680123521313472
2014-03,-0.08528959508075741,0.9612761637270729,-0.08198685476506591
2014-04,-0.04448361493775713,1.0680523648220785,-0.047510830130106235
2014-05,0.03947477310773955,0.9864205442160303,0.03893872717174077
2014-06,-0.0031282334696838138,1.0495225840092468,-0.003283151674486768
2014-07,0.019675584428396578,1.0612760315208958,0.020881226160023053
2014-08,0.01763258517978243,1.1066195936223433,0.019512564246162187
2014-09,0.04890035137837541,1.0842721429498894,0.05302128878003368
2014-10,0.027064846332245804,1.2408242534252127,0.033582717744277006
2014-11,0.014115137003587888,1.4066805999756122,0.019855489388944977
2014-12,-0.003625476770349011,1.2299559981503492,-0.004459176899845522
2015-01,0.09627680196887582,1.0500367721933346,0.10109418237649524
2015-02,-0.11698686816634156,0.9034905912899325,-0.10569653469276531
2015-03,0.04130312300270972,0.7538003520701906,0.03113430866104097
2015-04,-0.1331923451192122,0.7176732691262271,-0.0955885857442937
2015-05,0.13523638459556836,0.6777784540640504,0.09166030768439568
2015-06,0.04860367518525787,0.6656482509475502,0.03235295137668975
2015-07,0.2102304596548811,0.7040758339299252,0.1480181861989819
2015-08,-0.012081969939289436,0.629885555146469,-0.007610258342472277
2015-09,0.14138438335623726,0.5459296466848079,0.07718592645242005
2015-10,-0.03610326697200594,0.51869727586129,-0.018726666228072366
2015-11,0.07890679091701938,0.45777334256593827,0.036121425429235576
2015-12,0.026976891959844734,0.4363141984915292,0.011714032413101387
2016-01,0.07919239287886204,0.41355110965701536,0.032691457062413415
2016-02,-0.11705804062947195,0.3965604581246324,-0.0465412781275703
2016-03,-0.09711220727626588,0.38705958201147933,-0.037710798440161314
2016-04,-0.21773243652925664,0.3515282253926379,-0.0766039442010055
2016-05,0.041627817721816104,0.36549608560426117,0.015151354038131906
2016-06,-0.001436365057912331,0.36808372941779993,-0.0006550858614382249
2016-07,-0.04881459892436703,0.3691390728442938,-0.018145547973638047
2016-08,-0.049639342116168265,0.3958298661196039,-0.01976956817088418
2016-09,-0.014404439326841429,0.4709485076562429,-0.006889559503069618
2016-10,0.06710520544046028,0.5790943070674067,0.0387760613065728
2016-11,-0.03585122397013901,0.6937156969828846,-0.024901185254436194
2016-12,0.0008716897842477086,0.7083687068202357,0.0005299883772620303
2017-01,-0.010788946851454278,0.838239693590297,-0.009108427625488915
